{
  "questions": [
    {
      "q": "Ποιος τραγουδιστής είναι γνωστός ως 'King of Pop';",
      "a": [
        "Michael Jackson",
        "Prince",
        "Elvis Presley",
        "Freddie Mercury"
      ],
      "correct": 0,
      "difficulty": "easy"
    },
    {
      "q": "Ποια τραγουδίστρια τραγούδησε το 'Rolling in the Deep';",
      "a": [
        "Adele",
        "Sia",
        "Beyoncé",
        "Rihanna"
      ],
      "correct": 0,
      "difficulty": "easy"
    },
    {
      "q": "Ποιο συγκρότημα κυκλοφόρησε το άλμπουμ 'Abbey Road';",
      "a": [
        "The Beatles",
        "Queen",
        "The Rolling Stones",
        "Pink Floyd"
      ],
      "correct": 0,
      "difficulty": "medium"
    },
    {
      "q": "Ποιος έχει το τραγούδι 'Shape of You';",
      "a": [
        "Ed Sheeran",
        "Justin Bieber",
        "Shawn Mendes",
        "Bruno Mars"
      ],
      "correct": 0,
      "difficulty": "easy"
    },
    {
      "q": "Ποια τραγουδίστρια τραγουδά το 'Bad Romance';",
      "a": [
        "Lady Gaga",
        "Madonna",
        "Katy Perry",
        "Dua Lipa"
      ],
      "correct": 0,
      "difficulty": "easy"
    },
    {
      "q": "Ποιος τραγουδιστής είναι γνωστός για το τραγούδι 'Purple Rain';",
      "a": [
        "Prince",
        "David Bowie",
        "Stevie Wonder",
        "Elton John"
      ],
      "correct": 0,
      "difficulty": "medium"
    },
    {
      "q": "Ποιο τραγούδι έγινε μεγάλο hit του 2010 από την Lady Gaga;",
      "a": [
        "Bad Romance",
        "Poker Face",
        "Born This Way",
        "Just Dance"
      ],
      "correct": 1,
      "difficulty": "medium"
    },
    {
      "q": "Ποιοι έγραψαν το 'Bohemian Rhapsody';",
      "a": [
        "Queen - Freddie Mercury",
        "The Beatles",
        "Elton John",
        "David Bowie"
      ],
      "correct": 0,
      "difficulty": "hard"
    },
    {
      "q": "Ποιο είναι το μεγαλύτερο ζώο στον πλανήτη;",
      "a": [
        "Γαλάζια φάλαινα",
        "Ελέφαντας",
        "Καμηλοπάρδαλη",
        "Κροκόδειλος"
      ],
      "correct": 0,
      "difficulty": "easy"
    },
    {
      "q": "Ποιο ζώο είναι γνωστό ότι αλλάζει χρώμα για καμουφλάζ;",
      "a": [
        "Χαμαιλέοντας",
        "Σαύρα",
        "Γάτα",
        "Καγκουρό"
      ],
      "correct": 0,
      "difficulty": "easy"
    },
    {
      "q": "Ποιο πτηνό δεν μπορεί να πετάξει αλλά τρέχει γρήγορα;",
      "a": [
        "Στρουθοκάμηλος",
        "Πελεκάνος",
        "Αλμπατρός",
        "Πούλι"
      ],
      "correct": 0,
      "difficulty": "easy"
    },
    {
      "q": "Ποιο είναι το ταχύτερο χερσαίο ζώο;",
      "a": [
        "Τσίτα",
        "Άλογο",
        "Λεοπάρδαλη",
        "Γαζέλα"
      ],
      "correct": 0,
      "difficulty": "medium"
    },
    {
      "q": "Ποιο θαλάσσιο θηλαστικό έχει το μεγαλύτερο μέγεθος;",
      "a": [
        "Γαλάζια φάλαινα",
        "Φάλαινα φυσητήρας",
        "Δελφίνι",
        "Καρχαρίας"
      ],
      "correct": 0,
      "difficulty": "easy"
    },
    {
      "q": "Ποιο ζώο χρησιμοποιεί εργαλεία και θεωρείται πολύ έξυπνο;",
      "a": [
        "Χιμπατζής",
        "Λύκος",
        "Καγκουρό",
        "Ποντίκι"
      ],
      "correct": 0,
      "difficulty": "medium"
    },
    {
      "q": "Ποιο ζώο έχει τη μεγαλύτερη ηλικία ζωής;",
      "a": [
        "Χελώνα Γαλαπάγκος",
        "Σκύλος",
        "Γάτα",
        "Ελέφαντας"
      ],
      "correct": 0,
      "difficulty": "hard"
    },
    {
      "q": "Ποιο ζώο έχει τρίχες και παράγει γάλα;",
      "a": [
        "Θηλαστικό",
        "Πουλί",
        "Ερπετό",
        "Ιχθύς"
      ],
      "correct": 0,
      "difficulty": "easy"
    },
    {
      "q": "Τι έχει κλειδί αλλά δεν ανοίγει πόρτες;",
      "a": [
        "Πιάνο",
        "Κλειδί ποδηλάτου",
        "Σεντόνι",
        "Κουτί"
      ],
      "correct": 0,
      "difficulty": "medium"
    },
    {
      "q": "Τι είναι γεμάτο τρύπες αλλά κρατάει νερό;",
      "a": [
        "Σφουγγάρι",
        "Κοφίνι",
        "Στύλος",
        "Σκούπα"
      ],
      "correct": 0,
      "difficulty": "easy"
    },
    {
      "q": "Τι μεγαλώνει όσο το αφαιρείς;",
      "a": [
        "Τρύπα",
        "Λίθος",
        "Σπίρτο",
        "Σαπούνι"
      ],
      "correct": 0,
      "difficulty": "hard"
    },
    {
      "q": "Τι έχει 4 πόδια το πρωί, 2 το μεσημέρι και 3 το βράδυ;",
      "a": [
        "Ο άνθρωπος",
        "Το τραπέζι",
        "Το ποδήλατο",
        "Το δέντρο"
      ],
      "correct": 0,
      "difficulty": "hard"
    },
    {
      "q": "Έχει κεφάλι αλλά δεν έχει σώμα;",
      "a": [
        "Νόμισμα",
        "Καπέλο",
        "Κουτί",
        "Ποδήλατο"
      ],
      "correct": 0,
      "difficulty": "easy"
    },
    {
      "q": "Τι μπορείς να σπάσεις χωρίς να το αγγίξεις;",
      "a": [
        "Υπόσχεση",
        "Γυαλί",
        "Δέντρο",
        "Σχοινί"
      ],
      "correct": 0,
      "difficulty": "easy"
    },
    {
      "q": "Ποιος στην οικογένεια είναι πιο πιθανό να τραυματιστεί παίζοντας ποδόσφαιρο;",
      "a": [
        "Ο πιο αθλητικός",
        "Ο πιο ήσυχος",
        "Ο μικρότερος",
        "Ο μεγαλύτερος"
      ],
      "correct": 0,
      "difficulty": "easy"
    },
    {
      "q": "Ο παίκτης πρέπει να κάνει 10 jumping jacks — ολοκλήρωσε; (Ναι/Όχι)",
      "a": [
        "Ναι",
        "Όχι",
        "Ίσως",
        "Αργότερα"
      ],
      "correct": 0,
      "difficulty": "easy"
    },
    {
      "q": "Ποιος ξοδεύει περισσότερο χρόνο στο κινητό;",
      "a": [
        "Ο/Η εφημερίδα",
        "Ο/Η γονέας",
        "Το παιδί",
        "Ο/Η φίλος"
      ],
      "correct": 2,
      "difficulty": "easy"
    },
    {
      "q": "Πρόκληση: Πες ένα ανέκδοτο μέσα σε 10 δευτερόλεπτα — κατάφερες;",
      "a": [
        "Ναι",
        "Όχι",
        "Μισό",
        "Αφού"
      ],
      "correct": 0,
      "difficulty": "easy"
    },
    {
      "q": "Ποιος στην οικογένεια τραγουδάει πιο καλά;",
      "a": [
        "Ο/Η μαγείρισσα",
        "Ο/Η οδηγός",
        "Ο/Η δάσκαλος",
        "Ο/Η παιδί"
      ],
      "a_wrong": [
        "Ο/Η μαγείρισσα",
        "Ο/Η οδηγός",
        "Ο/Η δάσκαλος",
        "Ο/Η παιδί"
      ],
      "correct": 0,
      "difficulty": "easy"
    },
    {
      "q": "Πρόκληση: Κάνε 20 δευτερόλεπτα plank — κατάφερες;",
      "a": [
        "Ναι",
        "Όχι",
        "Μισό",
        "Αργότερα"
      ],
      "correct": 0,
      "difficulty": "medium"
    },
    {
      "q": "Ποιος στην οικογένεια γελάει πιο πολύ;",
      "a": [
        "Ο/Η αστείος",
        "Ο/Η σοβαρός",
        "Ο/Η κουρασμένος",
        "Ο/Η ξένος"
      ],
      "correct": 0,
      "difficulty": "easy"
    },
    {
      "q": "Πρόκληση: Μιμήσου ένα ζώο για 8 δευτερόλεπτα — κατάφερες;",
      "a": [
        "Ναι",
        "Όχι",
        "Μισό",
        "Αργότερα"
      ],
      "correct": 0,
      "difficulty": "easy"
    },
    {
      "q": "Ποιος στην οικογένεια είναι καλύτερος στις κατασκευές;",
      "a": [
        "Ο/Η πατέρας",
        "Ο/Η μητέρα",
        "Το παιδί",
        "Ο/Η γείτονας"
      ],
      "correct": 0,
      "difficulty": "medium"
    },
    {
      "q": "Πρόκληση: Βρες 3 κόκκινα αντικείμενα στο σπίτι μέσα σε 20s — κατάφερες;",
      "a": [
        "Ναι",
        "Όχι",
        "Μισό",
        "Αργότερα"
      ],
      "correct": 0,
      "difficulty": "medium"
    },
    {
      "q": "Ποιος στην οικογένεια έχει το καλύτερο χιούμορ;",
      "a": [
        "Ο/Η παππούς",
        "Η/Ο γιαγιά",
        "Το παιδί",
        "Ο/Η θείος"
      ],
      "correct": 2,
      "difficulty": "easy"
    },
    {
      "q": "Πρόκληση: Τραγούδησε τον ρεφραίν ενός γνωστού τραγουδιού — κατάφερες;",
      "a": [
        "Ναι",
        "Όχι",
        "Μισό",
        "Αργότερα"
      ],
      "correct": 0,
      "difficulty": "easy"
    },
    {
      "q": "Ποιος στην οικογένεια θυμάται τα γενέθλια καλύτερα;",
      "a": [
        "Ο/Η μαμά",
        "Ο/Η μπαμπάς",
        "Το παιδί",
        "Κανείς"
      ],
      "correct": 0,
      "difficulty": "easy"
    },
    {
      "q": "Πρόκληση: Κάνε ένα χαριτωμένο selfie με γκριμάτσα — κατάφερες;",
      "a": [
        "Ναι",
        "Όχι",
        "Μισό",
        "Αργότερα"
      ],
      "correct": 0,
      "difficulty": "easy"
    },
    {
      "q": "Ποιος στην οικογένεια είναι πιο πιθανό να φτιάξει παντεσπάνι;",
      "a": [
        "Ο/Η ζαχαροπλάστης",
        "Ο/Η μάγειρας",
        "Το παιδί",
        "Ο/Η γείτονας"
      ],
      "correct": 1,
      "difficulty": "medium"
    },
    {
      "q": "Πρόκληση: Κάνε 5 κάμψεις — κατάφερες;",
      "a": [
        "Ναι",
        "Όχι",
        "Μισό",
        "Αργότερα"
      ],
      "correct": 0,
      "difficulty": "medium"
    },
    {
      "q": "Ποια είναι η πρωτεύουσα της Ελλάδας;",
      "a": [
        "Αθήνα",
        "Θεσσαλονίκη",
        "Πάτρα",
        "Ηράκλειο"
      ],
      "correct": 0,
      "difficulty": "easy"
    },
    {
      "q": "Ποιος ανακάλυψε τη βαρύτητα (λέγεται) όταν είδε ένα μήλο να πέφτει;",
      "a": [
        "Isaac Newton",
        "Albert Einstein",
        "Galileo Galilei",
        "Nikola Tesla"
      ],
      "correct": 0,
      "difficulty": "medium"
    }
  ]
}